reading_id,reading_date,sensor,temperature,humidity,pressure
184606,"2019-12-30 20:23:54.000","Living Room",68,32,0
184607,"2019-12-30 20:23:58.000",Garage,31.1,73.3,0
184608,"2019-12-30 20:24:10.000",Office,62.96,26.4,0
184609,"2019-12-30 20:24:58.000",Kitchen,73.4,29.2,0
184610,"2019-12-30 20:28:55.000","Living Room",66.2,32,0
184611,"2019-12-30 20:28:59.000",Garage,30.92,73.3,0
184612,"2019-12-30 20:29:11.000",Office,62.78,26.5,0
184613,"2019-12-30 20:29:58.000",Kitchen,73.4,29,0
184614,"2019-12-30 20:33:55.000","Living Room",68,32,0
184615,"2019-12-30 20:33:59.000",Garage,30.56,73.3,0
184616,"2019-12-30 20:34:11.000",Office,62.6,26.4,0
184617,"2019-12-30 20:34:59.000",Kitchen,73.22,28.9,0
184618,"2019-12-30 20:39:00.000",Garage,30.2,72.7,0
184619,"2019-12-30 20:39:12.000",Office,62.24,26.1,0
184620,"2019-12-30 20:40:00.000",Kitchen,73.04,28.7,0
184621,"2019-12-30 20:44:00.000",Garage,29.48,73.9,0
184622,"2019-12-30 20:44:12.000",Office,62.06,26.4,0
184624,"2019-12-30 20:49:01.000",Garage,30.02,73.2,0
184625,"2019-12-30 20:49:13.000",Office,61.88,26.3,0
184626,"2019-12-30 20:50:08.000",Kitchen,73.4,28.7,0
184627,"2019-12-30 20:54:01.000",Garage,29.84,73,0
184628,"2019-12-30 20:54:13.000",Office,61.52,26.1,0
184629,"2019-12-30 20:55:09.000",Kitchen,73.4,28.4,0
184630,"2019-12-30 20:59:02.000",Garage,29.84,72.7,0
184631,"2019-12-30 20:59:14.000",Office,61.16,25.4,0
184632,"2019-12-30 21:00:09.000",Kitchen,73.4,28.5,0
184634,"2019-12-30 21:04:02.000",Garage,30.2,72.4,0
184635,"2019-12-30 21:04:14.000",Office,60.98,25.9,0
184636,"2019-12-30 21:05:10.000",Kitchen,73.58,28.5,0
184638,"2019-12-30 21:09:03.000",Garage,30.2,72.1,0
184639,"2019-12-30 21:09:15.000",Office,60.8,25.9,0
184640,"2019-12-30 21:10:10.000",Kitchen,73.76,28.5,0
184641,"2019-12-30 21:14:03.000",Garage,29.84,72.1,0
184642,"2019-12-30 21:14:16.000",Office,60.62,25.7,0
184643,"2019-12-30 21:15:11.000",Kitchen,73.94,28.6,0
184645,"2019-12-30 21:19:04.000",Garage,29.48,72.3,0
184646,"2019-12-30 21:19:16.000",Office,60.44,25.9,0
184647,"2019-12-30 21:20:11.000",Kitchen,73.94,28.5,0
184649,"2019-12-30 21:24:04.000",Garage,29.3,72.6,0
184650,"2019-12-30 21:24:17.000",Office,60.44,25.9,0
184651,"2019-12-30 21:25:12.000",Kitchen,74.12,28.5,0
184653,"2019-12-30 21:29:05.000",Garage,29.12,72.6,0
184655,"2019-12-30 21:30:12.000",Kitchen,74.12,28.3,0
184659,"2019-12-30 21:34:06.000",Garage,28.94,72.7,0
184660,"2019-12-30 21:34:25.000",Office,59.9,25.9,0
184661,"2019-12-30 21:35:13.000",Kitchen,74.12,28.3,0
184663,"2019-12-30 21:39:06.000",Garage,28.94,72.8,0
184664,"2019-12-30 21:39:26.000",Office,59.72,26,0
184665,"2019-12-30 21:40:13.000",Kitchen,74.12,28.4,0
184668,"2019-12-30 21:42:43.000",PiZero,72.86,28.6,30.099
184669,"2019-12-30 21:44:07.000",Garage,28.76,72.8,0
184670,"2019-12-30 21:44:26.000",Office,59.72,25.9,0
184671,"2019-12-30 21:45:14.000",Kitchen,74.3,28.4,0
184672,"2019-12-30 21:45:16.000",PiZero,73.04,28.9,30.101
184673,"2019-12-30 21:45:42.000",PiZero,73.04,29,30.101
184674,"2019-12-30 21:47:35.000",PiZero,73.04,28.6,30.1
184675,"2019-12-30 21:49:07.000",Garage,28.58,72.7,0
184676,"2019-12-30 21:49:27.000",Office,59.36,25.9,0
184677,"2019-12-30 21:50:15.000",Kitchen,74.48,28.3,0
184678,"2019-12-30 21:54:27.000",Office,59.18,25.8,0
184679,"2019-12-30 21:55:15.000",Kitchen,74.48,28.2,0
184680,"2019-12-30 21:59:15.000",Garage,28.4,72.6,0
184681,"2019-12-30 21:59:28.000",Office,59,25.8,0
184682,"2019-12-30 22:00:16.000",Kitchen,74.66,28.3,0
184683,"2019-12-30 22:03:35.000",Bedroom,74.12,28.6,30.11
184684,"2019-12-30 22:04:16.000",Garage,28.22,72.6,0
184685,"2019-12-30 22:04:28.000",Office,58.82,25.8,0
184686,"2019-12-30 22:05:12.000",Bedroom,73.94,28.5,30.11
184687,"2019-12-30 22:05:16.000",Kitchen,74.3,28.1,0
184688,"2019-12-30 22:09:16.000",Garage,28.04,72.7,0
184689,"2019-12-30 22:09:29.000",Office,58.64,25.9,0
184690,"2019-12-30 22:10:12.000",Bedroom,73.94,28.5,30.12
184691,"2019-12-30 22:10:16.000",Kitchen,73.94,28.3,0
184692,"2019-12-30 22:14:17.000",Garage,27.86,72.6,0
184693,"2019-12-30 22:14:29.000",Office,58.46,25.8,0
184694,"2019-12-30 22:15:11.000",Bedroom,73.04,28.8,30.12
184695,"2019-12-30 22:15:17.000",Kitchen,74.3,28.4,0
184696,"2019-12-30 22:16:03.000","Living Room",69.8,32,0
184697,"2019-12-30 22:17:06.000","Living Room",69.8,37,0
184698,"2019-12-30 22:19:17.000",Garage,27.86,72.7,0
184699,"2019-12-30 22:19:30.000",Office,58.28,25.1,0
184700,"2019-12-30 22:20:11.000",Bedroom,72.14,29.2,30.12
184701,"2019-12-30 22:20:17.000",Kitchen,74.3,28.3,0
184702,"2019-12-30 22:22:07.000","Living Room",75.2,28,0
184703,"2019-12-30 22:24:18.000",Garage,27.86,72.5,0
184704,"2019-12-30 22:24:31.000",Office,58.1,25.6,0
184705,"2019-12-30 22:25:11.000",Bedroom,71.6,29.6,30.12
184706,"2019-12-30 22:25:18.000",Kitchen,74.3,28.3,0
184707,"2019-12-30 22:27:07.000","Living Room",77,24,0
184708,"2019-12-30 22:29:18.000",Garage,28.04,71.9,0
184709,"2019-12-30 22:29:32.000",Office,57.92,25.4,0
184710,"2019-12-30 22:30:10.000",Bedroom,71.42,29.9,30.12
184711,"2019-12-30 22:30:19.000",Kitchen,74.48,28.2,0
184712,"2019-12-30 22:32:08.000","Living Room",77,24,0
184713,"2019-12-30 22:34:19.000",Garage,28.04,71.7,0
184714,"2019-12-30 22:34:32.000",Office,57.74,25.5,0
184715,"2019-12-30 22:35:13.000",Bedroom,71.24,30.1,30.12
184716,"2019-12-30 22:35:19.000",Kitchen,74.66,28.3,0
184717,"2019-12-30 22:37:08.000","Living Room",77,24,0
184718,"2019-12-30 22:39:19.000",Garage,27.68,72.1,0
184719,"2019-12-30 22:39:33.000",Office,57.92,26,0
184720,"2019-12-30 22:40:11.000",Bedroom,71.06,30,30.12
184721,"2019-12-30 22:40:19.000",Kitchen,74.66,28.4,0
184722,"2019-12-30 22:42:09.000","Living Room",77,24,0
184723,"2019-12-30 22:44:20.000",Garage,27.68,72.1,0
184724,"2019-12-30 22:44:33.000",Office,58.46,25.9,0
184725,"2019-12-30 22:45:13.000",Bedroom,71.24,30,30.12
184726,"2019-12-30 22:45:20.000",Kitchen,74.66,28.2,0
184727,"2019-12-30 22:47:10.000","Living Room",77,24,0
184728,"2019-12-30 22:49:20.000",Garage,27.86,71.9,0
184729,"2019-12-30 22:49:34.000",Office,58.64,25.3,0
184730,"2019-12-30 22:50:10.000",Bedroom,71.06,30,30.12
184731,"2019-12-30 22:50:21.000",Kitchen,74.3,28,0
184732,"2019-12-30 22:52:10.000","Living Room",77,24,0
184733,"2019-12-30 22:54:21.000",Garage,27.68,72,0
184734,"2019-12-30 22:54:35.000",Office,58.46,25.1,0
184735,"2019-12-30 22:55:10.000",Bedroom,71.24,29.9,30.12
184736,"2019-12-30 22:55:21.000",Kitchen,74.3,28.3,0
184737,"2019-12-30 22:57:11.000","Living Room",77,24,0
184738,"2019-12-30 22:59:21.000",Garage,27.5,72,0
184739,"2019-12-30 22:59:35.000",Office,58.46,24.9,0
184740,"2019-12-30 23:00:11.000",Bedroom,71.24,30.1,30.12
184741,"2019-12-30 23:00:22.000",Kitchen,74.48,28.2,0
184742,"2019-12-30 23:02:11.000","Living Room",78.8,24,0
184743,"2019-12-30 23:04:21.000",Garage,27.14,72.2,0
184744,"2019-12-30 23:04:36.000",Office,58.46,24.8,0
184745,"2019-12-30 23:05:11.000",Bedroom,71.06,30.3,30.12
184746,"2019-12-30 23:05:22.000",Kitchen,74.66,28.1,0
184747,"2019-12-30 23:07:12.000","Living Room",78.8,24,0
184748,"2019-12-30 23:09:22.000",Garage,27.14,72.3,0
184749,"2019-12-30 23:09:36.000",Office,58.28,24.9,0
184750,"2019-12-30 23:10:11.000",Bedroom,71.06,30.4,30.12
184751,"2019-12-30 23:10:23.000",Kitchen,74.84,28.1,0
184752,"2019-12-30 23:12:12.000","Living Room",78.8,24,0
184753,"2019-12-30 23:14:23.000",Garage,26.78,72.2,0
184754,"2019-12-30 23:14:37.000",Office,57.92,24.9,0
184755,"2019-12-30 23:15:10.000",Bedroom,71.06,30.4,30.12
184756,"2019-12-30 23:15:23.000",Kitchen,74.84,28,0
184757,"2019-12-30 23:17:13.000","Living Room",78.8,24,0
184758,"2019-12-30 23:19:23.000",Garage,26.78,72.2,0
184759,"2019-12-30 23:19:37.000",Office,57.92,24.7,0
184760,"2019-12-30 23:20:11.000",Bedroom,71.06,30.4,30.12
184761,"2019-12-30 23:20:24.000",Kitchen,74.84,28.1,0
184762,"2019-12-30 23:22:13.000","Living Room",78.8,24,0
184763,"2019-12-30 23:24:24.000",Garage,26.6,72.2,0
184764,"2019-12-30 23:24:38.000",Office,57.74,24.8,0
184765,"2019-12-30 23:25:11.000",Bedroom,71.06,30.9,30.11
184766,"2019-12-30 23:25:24.000",Kitchen,74.84,28.2,0
184767,"2019-12-30 23:27:14.000","Living Room",78.8,24,0
184768,"2019-12-30 23:29:38.000",Office,57.74,24.9,0
184769,"2019-12-30 23:30:11.000",Bedroom,71.06,31.4,30.12
184770,"2019-12-30 23:30:25.000",Kitchen,74.66,28.3,0
184771,"2019-12-30 23:32:14.000","Living Room",78.8,24,0
184772,"2019-12-30 23:34:32.000",Garage,26.42,72.3,0
184773,"2019-12-30 23:34:39.000",Office,57.56,24.6,0
184774,"2019-12-30 23:35:10.000",Bedroom,71.06,31.5,30.11
184775,"2019-12-30 23:35:25.000",Kitchen,74.84,28.5,0
184776,"2019-12-30 23:37:15.000","Living Room",78.8,24,0
184777,"2019-12-30 23:39:32.000",Garage,26.42,72.4,0
184778,"2019-12-30 23:39:39.000",Office,57.56,24.4,0
184779,"2019-12-30 23:40:10.000",Bedroom,71.06,31.5,30.11
184780,"2019-12-30 23:40:26.000",Kitchen,74.84,28.6,0
184781,"2019-12-30 23:42:15.000","Living Room",78.8,24,0
184782,"2019-12-30 23:44:33.000",Garage,26.24,72.2,0
184783,"2019-12-30 23:44:40.000",Office,57.38,24.8,0
184784,"2019-12-30 23:45:11.000",Bedroom,71.06,31.5,30.11
184785,"2019-12-30 23:45:26.000",Kitchen,74.84,28.5,0
184786,"2019-12-30 23:47:16.000","Living Room",78.8,24,0
184787,"2019-12-30 23:49:34.000",Garage,26.42,72.2,0
184788,"2019-12-30 23:49:41.000",Office,57.2,24.7,0
184789,"2019-12-30 23:50:11.000",Bedroom,71.06,31.5,30.11
184790,"2019-12-30 23:50:27.000",Kitchen,75.02,28.4,0
184791,"2019-12-30 23:52:16.000","Living Room",78.8,24,0
184792,"2019-12-30 23:54:34.000",Garage,26.6,71.4,0
184793,"2019-12-30 23:54:41.000",Office,57.02,24.7,0
184794,"2019-12-30 23:55:11.000",Bedroom,70.88,31.3,30.11
184795,"2019-12-30 23:55:28.000",Kitchen,74.84,28.3,0
184796,"2019-12-30 23:57:17.000","Living Room",78.8,24,0
184797,"2019-12-30 23:59:35.000",Garage,26.78,71.1,0
184798,"2019-12-30 23:59:42.000",Office,57.02,24.6,0
184799,"2019-12-31 00:00:10.000",Bedroom,70.88,31.3,30.11
184800,"2019-12-31 00:00:28.000",Kitchen,74.84,28.3,0
184801,"2019-12-31 00:02:17.000","Living Room",78.8,24,0
184802,"2019-12-31 00:04:35.000",Garage,26.6,71.2,0
184803,"2019-12-31 00:04:42.000",Office,56.84,24.5,0
184804,"2019-12-31 00:05:10.000",Bedroom,70.88,31.2,30.1
184805,"2019-12-31 00:05:29.000",Kitchen,74.84,28.3,0
184806,"2019-12-31 00:07:18.000","Living Room",78.8,24,0
184807,"2019-12-31 00:09:36.000",Garage,27.32,71.8,0
184808,"2019-12-31 00:09:43.000",Office,56.66,24.6,0
184809,"2019-12-31 00:10:11.000",Bedroom,70.88,31.2,30.1
184810,"2019-12-31 00:10:30.000",Kitchen,74.66,28.3,0
184811,"2019-12-31 00:12:18.000","Living Room",78.8,24,0
184812,"2019-12-31 00:14:36.000",Garage,26.24,71.6,0
184813,"2019-12-31 00:15:11.000",Bedroom,70.52,31.1,30.1
184814,"2019-12-31 00:15:30.000",Kitchen,74.66,28.1,0
184815,"2019-12-31 00:19:37.000",Garage,26.06,71.5,0
184816,"2019-12-31 00:19:51.000",Office,56.48,24.7,0
184817,"2019-12-31 00:20:10.000",Bedroom,70.7,31.1,30.1
184818,"2019-12-31 00:20:31.000",Kitchen,74.84,28.2,0
184819,"2019-12-31 00:22:27.000","Living Room",78.8,24,0
184820,"2019-12-31 00:24:37.000",Garage,26.96,72.1,0
184821,"2019-12-31 00:24:51.000",Office,56.3,24.7,0
184822,"2019-12-31 00:25:11.000",Bedroom,70.52,31.1,30.1
184823,"2019-12-31 00:25:31.000",Kitchen,74.66,28.1,0
184824,"2019-12-31 00:27:27.000","Living Room",78.8,24,0
184825,"2019-12-31 00:29:38.000",Garage,25.88,71.8,0
184826,"2019-12-31 00:29:52.000",Office,56.12,24.7,0
184827,"2019-12-31 00:30:11.000",Bedroom,70.52,31.2,30.1
184828,"2019-12-31 00:30:32.000",Kitchen,74.48,28,0
184829,"2019-12-31 00:32:28.000","Living Room",78.8,24,0
184830,"2019-12-31 00:34:38.000",Garage,25.88,71.9,0
184831,"2019-12-31 00:34:52.000",Office,55.94,24.6,0
184832,"2019-12-31 00:35:11.000",Bedroom,70.52,31.2,30.1
184833,"2019-12-31 00:35:32.000",Kitchen,74.48,28,0
184834,"2019-12-31 00:37:29.000","Living Room",78.8,24,0
184835,"2019-12-31 00:39:39.000",Garage,25.7,71.9,0
184836,"2019-12-31 00:39:53.000",Office,55.76,24.6,0
184837,"2019-12-31 00:40:10.000",Bedroom,70.34,31.1,30.1
184838,"2019-12-31 00:40:33.000",Kitchen,74.48,27.9,0
184839,"2019-12-31 00:42:29.000","Living Room",78.8,24,0
184840,"2019-12-31 00:44:39.000",Garage,25.7,71.9,0
184841,"2019-12-31 00:44:53.000",Office,55.76,24.7,0
184842,"2019-12-31 00:45:11.000",Bedroom,70.34,31,30.1
184843,"2019-12-31 00:45:34.000",Kitchen,74.48,27.8,0
184844,"2019-12-31 00:47:30.000","Living Room",78.8,24,0
184845,"2019-12-31 00:49:40.000",Garage,25.52,71.9,0
184846,"2019-12-31 00:49:54.000",Office,55.76,24.7,0
184847,"2019-12-31 00:50:11.000",Bedroom,70.52,30.8,30.09
184848,"2019-12-31 00:50:34.000",Kitchen,74.48,27.8,0
184849,"2019-12-31 00:52:31.000","Living Room",78.8,24,0
184850,"2019-12-31 00:54:40.000",Garage,25.52,71.9,0
184851,"2019-12-31 00:54:54.000",Office,55.76,24.6,0
184852,"2019-12-31 00:55:11.000",Bedroom,70.34,30.8,30.09
184853,"2019-12-31 00:55:35.000",Kitchen,74.48,27.8,0
184854,"2019-12-31 00:57:31.000","Living Room",78.8,24,0
184855,"2019-12-31 00:59:41.000",Garage,25.52,72,0
184856,"2019-12-31 00:59:55.000",Office,55.4,24.6,0
184857,"2019-12-31 01:00:14.000",Bedroom,71.06,30.2,30.09
184858,"2019-12-31 01:00:35.000",Kitchen,74.48,27.9,0
184859,"2019-12-31 01:02:32.000","Living Room",78.8,24,0
184860,"2019-12-31 01:04:41.000",Garage,25.34,72,0
184861,"2019-12-31 01:04:55.000",Office,55.58,24.6,0
184862,"2019-12-31 01:05:11.000",Bedroom,70.88,30.1,30.09
184863,"2019-12-31 01:07:32.000","Living Room",78.8,24,0
184864,"2019-12-31 01:09:42.000",Garage,25.34,72,0
184865,"2019-12-31 01:09:56.000",Office,55.4,24.6,0
184866,"2019-12-31 01:10:10.000",Bedroom,71.24,30.1,30.09
184867,"2019-12-31 01:10:44.000",Kitchen,74.66,27.9,0
184868,"2019-12-31 01:12:33.000","Living Room",78.8,24,0
184869,"2019-12-31 01:14:42.000",Garage,25.34,71.7,0
184870,"2019-12-31 01:14:56.000",Office,55.4,24.6,0
184871,"2019-12-31 01:15:13.000",Bedroom,71.6,30,30.09
184872,"2019-12-31 01:15:44.000",Kitchen,74.66,27.9,0
184873,"2019-12-31 01:17:33.000","Living Room",78.8,24,0
184874,"2019-12-31 01:19:43.000",Garage,25.34,71.6,0
184875,"2019-12-31 01:19:57.000",Office,55.04,24.6,0
184876,"2019-12-31 01:20:10.000",Bedroom,71.6,29.9,30.09
184877,"2019-12-31 01:20:45.000",Kitchen,74.66,27.8,0
184878,"2019-12-31 01:22:34.000","Living Room",78.8,24,0
184879,"2019-12-31 01:24:45.000",Garage,25.52,71.3,0
184880,"2019-12-31 01:24:57.000",Office,55.04,24.4,0
184881,"2019-12-31 01:25:11.000",Bedroom,71.78,29.9,30.09
184882,"2019-12-31 01:25:45.000",Kitchen,74.66,27.8,0
184883,"2019-12-31 01:27:35.000","Living Room",78.8,24,0
184884,"2019-12-31 01:29:45.000",Garage,25.34,71,0
184885,"2019-12-31 01:29:58.000",Office,54.86,24.4,0
184886,"2019-12-31 01:30:11.000",Bedroom,71.78,29.8,30.09
184887,"2019-12-31 01:30:45.000",Kitchen,74.84,27.9,0
184888,"2019-12-31 01:32:35.000","Living Room",78.8,24,0
184889,"2019-12-31 01:34:46.000",Garage,25.16,71.1,0
184890,"2019-12-31 01:34:58.000",Office,54.68,24.4,0
184891,"2019-12-31 01:35:11.000",Bedroom,71.96,29.8,30.09
184892,"2019-12-31 01:35:46.000",Kitchen,74.84,27.8,0
184893,"2019-12-31 01:37:36.000","Living Room",78.8,24,0
184894,"2019-12-31 01:39:46.000",Garage,24.98,71.4,0
184895,"2019-12-31 01:39:59.000",Office,54.68,24.4,0
184896,"2019-12-31 01:40:11.000",Bedroom,71.96,30.1,30.09
184897,"2019-12-31 01:40:46.000",Kitchen,75.02,28.1,0
184898,"2019-12-31 01:42:36.000","Living Room",78.8,24,0
184899,"2019-12-31 01:44:47.000",Garage,24.8,71.6,0
184900,"2019-12-31 01:45:00.000",Office,54.5,24.5,0
184901,"2019-12-31 01:45:11.000",Bedroom,71.96,32.4,30.09
184902,"2019-12-31 01:45:47.000",Kitchen,75.02,29.1,0
184903,"2019-12-31 01:47:37.000","Living Room",78.8,25,0
184904,"2019-12-31 01:49:47.000",Garage,24.62,71.6,0
184905,"2019-12-31 01:50:11.000",Bedroom,72.14,32.8,30.09
184906,"2019-12-31 01:50:47.000",Kitchen,75.02,29.5,0
184907,"2019-12-31 01:54:48.000",Garage,24.62,71.7,0
184908,"2019-12-31 01:55:08.000",Office,54.32,24.4,0
184909,"2019-12-31 01:55:11.000",Bedroom,72.14,32.6,30.09
184910,"2019-12-31 01:55:48.000",Kitchen,75.02,29.4,0
184911,"2019-12-31 01:57:45.000","Living Room",78.8,25,0
184912,"2019-12-31 01:59:48.000",Garage,24.62,71.7,0
184913,"2019-12-31 02:00:08.000",Office,54.14,24.4,0
184914,"2019-12-31 02:00:18.000",Bedroom,72.14,31.9,30.09
184915,"2019-12-31 02:00:48.000",Kitchen,75.02,29.3,0
184916,"2019-12-31 02:02:46.000","Living Room",78.8,25,0
184917,"2019-12-31 02:04:49.000",Garage,24.62,71.6,0
184918,"2019-12-31 02:05:09.000",Office,54.14,24.3,0
184919,"2019-12-31 02:05:10.000",Bedroom,72.14,31.9,30.09
184920,"2019-12-31 02:05:49.000",Kitchen,75.02,29.2,0
184921,"2019-12-31 02:07:46.000","Living Room",78.8,25,0
184922,"2019-12-31 02:09:49.000",Garage,24.44,71.7,0
184923,"2019-12-31 02:10:09.000",Office,54.14,24.2,0
184924,"2019-12-31 02:10:10.000",Bedroom,72.32,32.2,30.08
184925,"2019-12-31 02:10:49.000",Kitchen,75.02,29.2,0
184926,"2019-12-31 02:12:47.000","Living Room",78.8,25,0
184927,"2019-12-31 02:14:50.000",Garage,24.44,71.8,0
184928,"2019-12-31 02:15:10.000",Office,54.14,24.2,0
184929,"2019-12-31 02:15:11.000",Bedroom,72.14,32,30.09
184930,"2019-12-31 02:15:50.000",Kitchen,74.84,29,0
184931,"2019-12-31 02:17:47.000","Living Room",78.8,25,0
184932,"2019-12-31 02:19:50.000",Garage,24.62,71.8,0
184933,"2019-12-31 02:20:10.000",Office,53.96,24.2,0
184934,"2019-12-31 02:20:11.000",Bedroom,72.14,31.8,30.09
184935,"2019-12-31 02:20:50.000",Kitchen,74.66,28.8,0
184936,"2019-12-31 02:22:48.000","Living Room",78.8,25,0
184937,"2019-12-31 02:24:52.000",Garage,24.26,71.6,0
184938,"2019-12-31 02:25:11.000",Office,53.96,24.1,0
184939,"2019-12-31 02:25:11.000",Bedroom,71.96,31.8,30.09
184940,"2019-12-31 02:25:51.000",Kitchen,74.66,28.8,0
184941,"2019-12-31 02:27:48.000","Living Room",78.8,25,0
184942,"2019-12-31 02:29:52.000",Garage,24.26,71.6,0
184943,"2019-12-31 02:30:11.000",Office,53.78,24,0
184944,"2019-12-31 02:30:13.000",Bedroom,71.78,31.6,30.08
184945,"2019-12-31 02:30:51.000",Kitchen,74.66,28.7,0
184946,"2019-12-31 02:32:49.000","Living Room",78.8,25,0
184947,"2019-12-31 02:34:53.000",Garage,24.26,71.5,0
184948,"2019-12-31 02:35:11.000",Bedroom,71.78,31.5,30.08
184949,"2019-12-31 02:35:12.000",Office,53.6,24.1,0
184950,"2019-12-31 02:35:52.000",Kitchen,74.66,28.7,0
184951,"2019-12-31 02:37:49.000","Living Room",77,23,0
184952,"2019-12-31 02:39:53.000",Garage,24.08,71.6,0
184953,"2019-12-31 02:40:10.000",Bedroom,71.78,31.6,30.08
184954,"2019-12-31 02:40:12.000",Office,53.6,24,0
184955,"2019-12-31 02:40:52.000",Kitchen,74.48,28.5,0
184956,"2019-12-31 02:42:50.000","Living Room",78.8,24,0
184957,"2019-12-31 02:44:54.000",Garage,24.08,71.6,0
184958,"2019-12-31 02:45:11.000",Bedroom,71.78,32.1,30.08
184959,"2019-12-31 02:45:13.000",Office,53.6,24,0
184960,"2019-12-31 02:45:53.000",Kitchen,74.3,28.5,0
184961,"2019-12-31 02:47:50.000","Living Room",78.8,24,0
184962,"2019-12-31 02:49:55.000",Garage,24.08,71.6,0
184963,"2019-12-31 02:50:11.000",Bedroom,71.78,32,30.08
184964,"2019-12-31 02:50:13.000",Office,53.6,24,0
184965,"2019-12-31 02:50:53.000",Kitchen,74.12,28.5,0
184966,"2019-12-31 02:52:51.000","Living Room",78.8,24,0
184967,"2019-12-31 02:54:55.000",Garage,24.62,70.7,0
184968,"2019-12-31 02:55:11.000",Bedroom,71.6,32.5,30.08
184969,"2019-12-31 02:55:14.000",Office,53.42,23.8,0
184970,"2019-12-31 02:55:54.000",Kitchen,74.12,28.5,0
184971,"2019-12-31 02:57:51.000","Living Room",77,23,0
184972,"2019-12-31 02:59:56.000",Garage,24.62,70.3,0
184973,"2019-12-31 03:00:11.000",Bedroom,71.6,31.3,30.08
184974,"2019-12-31 03:00:14.000",Office,53.42,23.9,0
184975,"2019-12-31 03:00:56.000",Kitchen,73.94,28.5,0
184976,"2019-12-31 03:02:52.000","Living Room",78.8,24,0
184977,"2019-12-31 03:04:57.000",Garage,24.26,70.5,0
184978,"2019-12-31 03:05:11.000",Bedroom,71.42,31,30.08
184979,"2019-12-31 03:05:15.000",Office,53.42,23.8,0
184980,"2019-12-31 03:07:52.000","Living Room",77,23,0
184981,"2019-12-31 03:09:57.000",Garage,24.08,70.9,0
184982,"2019-12-31 03:10:10.000",Bedroom,71.24,30.6,30.08
184983,"2019-12-31 03:10:15.000",Office,53.24,23.8,0
184984,"2019-12-31 03:11:04.000",Kitchen,73.76,28.5,0
184985,"2019-12-31 03:12:53.000","Living Room",77,23,0
184986,"2019-12-31 03:14:58.000",Garage,24.08,71,0
184987,"2019-12-31 03:15:13.000",Bedroom,71.24,30.4,30.07
184988,"2019-12-31 03:15:16.000",Office,53.06,23.9,0
184989,"2019-12-31 03:16:05.000",Kitchen,73.94,28.4,0
184990,"2019-12-31 03:17:54.000","Living Room",77,23,0
184991,"2019-12-31 03:19:58.000",Garage,23.9,71.1,0
184992,"2019-12-31 03:20:11.000",Bedroom,71.24,30.4,30.08
184993,"2019-12-31 03:20:16.000",Office,53.06,23.9,0
184994,"2019-12-31 03:21:06.000",Kitchen,73.94,28.3,0
184995,"2019-12-31 03:22:54.000","Living Room",77,24,0
184996,"2019-12-31 03:24:59.000",Garage,23.9,71.1,0
184997,"2019-12-31 03:25:11.000",Bedroom,71.24,30.5,30.08
184998,"2019-12-31 03:26:06.000",Kitchen,73.94,28.3,0
184999,"2019-12-31 03:27:55.000","Living Room",77,24,0
185000,"2019-12-31 03:29:59.000",Garage,23.9,71.1,0
185001,"2019-12-31 03:30:11.000",Bedroom,71.42,30.4,30.07
185002,"2019-12-31 03:30:25.000",Office,52.88,23.8,0
185003,"2019-12-31 03:31:07.000",Kitchen,74.12,28.3,0
185004,"2019-12-31 03:32:55.000","Living Room",77,23,0
185005,"2019-12-31 03:35:00.000",Garage,23.72,71.2,0
185006,"2019-12-31 03:35:10.000",Bedroom,71.24,30.1,30.08
185007,"2019-12-31 03:35:25.000",Office,52.88,23.8,0
185008,"2019-12-31 03:36:07.000",Kitchen,74.12,28.2,0
185009,"2019-12-31 03:37:56.000","Living Room",77,23,0
185010,"2019-12-31 03:40:00.000",Garage,23.72,71.4,0
185011,"2019-12-31 03:40:11.000",Bedroom,71.42,30,30.07
185012,"2019-12-31 03:40:26.000",Office,52.88,23.7,0
185013,"2019-12-31 03:41:09.000",Kitchen,74.12,28.2,0
185014,"2019-12-31 03:42:56.000","Living Room",77,23,0
185015,"2019-12-31 03:45:01.000",Garage,23.54,71.4,0
185016,"2019-12-31 03:45:11.000",Bedroom,71.42,30,30.07
185017,"2019-12-31 03:45:26.000",Office,52.7,23.7,0
185018,"2019-12-31 03:46:09.000",Kitchen,74.12,28.2,0
185019,"2019-12-31 03:47:57.000","Living Room",77,23,0
185020,"2019-12-31 03:50:02.000",Garage,23.54,71.4,0
185021,"2019-12-31 03:50:11.000",Bedroom,71.42,29.9,30.07
185022,"2019-12-31 03:50:27.000",Office,52.7,23.7,0
185023,"2019-12-31 03:51:10.000",Kitchen,74.3,28,0
185024,"2019-12-31 03:52:57.000","Living Room",77,23,0
185025,"2019-12-31 03:55:02.000",Garage,23.36,71.4,0
185026,"2019-12-31 03:55:10.000",Bedroom,71.42,29.9,30.07
185027,"2019-12-31 03:55:27.000",Office,52.52,23.7,0
185028,"2019-12-31 03:56:10.000",Kitchen,74.12,28,0
185029,"2019-12-31 03:57:58.000","Living Room",77,23,0
185030,"2019-12-31 04:00:02.000",Garage,23.36,71.4,0
185031,"2019-12-31 04:00:10.000",Bedroom,71.42,29.9,30.07
185032,"2019-12-31 04:00:28.000",Office,52.52,23.7,0
185033,"2019-12-31 04:01:11.000",Kitchen,74.12,28,0
185034,"2019-12-31 04:02:58.000","Living Room",77,23,0
185035,"2019-12-31 04:05:03.000",Garage,23.36,71.3,0
185036,"2019-12-31 04:05:11.000",Bedroom,71.42,29.9,30.07
185037,"2019-12-31 04:05:29.000",Office,52.34,23.7,0
185038,"2019-12-31 04:06:11.000",Kitchen,74.12,27.9,0
185039,"2019-12-31 04:07:59.000","Living Room",77,23,0
185040,"2019-12-31 04:10:03.000",Garage,23.18,71.4,0
185041,"2019-12-31 04:10:11.000",Bedroom,71.24,29.8,30.07
185042,"2019-12-31 04:10:29.000",Office,52.34,23.7,0
185043,"2019-12-31 04:11:12.000",Kitchen,74.12,27.9,0
185044,"2019-12-31 04:12:59.000","Living Room",77,23,0
185045,"2019-12-31 04:15:04.000",Garage,23.18,71.4,0
185046,"2019-12-31 04:15:15.000",Bedroom,71.24,29.7,30.07
185047,"2019-12-31 04:15:30.000",Office,52.34,23.6,0
185048,"2019-12-31 04:16:13.000",Kitchen,74.12,27.8,0
185049,"2019-12-31 04:18:00.000","Living Room",77,23,0
185050,"2019-12-31 04:20:04.000",Garage,23.18,71.4,0
185051,"2019-12-31 04:20:11.000",Bedroom,71.24,29.8,30.07
185052,"2019-12-31 04:20:31.000",Office,52.16,23.6,0
185053,"2019-12-31 04:21:14.000",Kitchen,73.94,27.8,0
185054,"2019-12-31 04:23:00.000","Living Room",77,23,0
185055,"2019-12-31 04:25:05.000",Garage,23.36,71.2,0
185056,"2019-12-31 04:25:11.000",Bedroom,71.24,29.9,30.07
185057,"2019-12-31 04:25:31.000",Office,52.16,23.6,0
185058,"2019-12-31 04:26:14.000",Kitchen,73.94,27.7,0
185059,"2019-12-31 04:28:01.000","Living Room",77,23,0
185060,"2019-12-31 04:30:05.000",Garage,23.54,70.6,0
185061,"2019-12-31 04:30:11.000",Bedroom,71.24,29.8,30.07
185062,"2019-12-31 04:30:32.000",Office,52.16,23.6,0
185063,"2019-12-31 04:31:15.000",Kitchen,73.94,27.7,0
185064,"2019-12-31 04:33:01.000","Living Room",77,23,0
185065,"2019-12-31 04:35:06.000",Garage,23.36,70.5,0
185066,"2019-12-31 04:35:10.000",Bedroom,71.24,29.8,30.07
185067,"2019-12-31 04:35:33.000",Office,52.16,23.6,0
185068,"2019-12-31 04:36:15.000",Kitchen,73.76,27.7,0
185069,"2019-12-31 04:40:06.000",Garage,23.18,70.6,0
185070,"2019-12-31 04:40:10.000",Bedroom,71.06,29.8,30.06
185071,"2019-12-31 04:40:33.000",Office,51.8,23.6,0
185072,"2019-12-31 04:41:16.000",Kitchen,73.76,27.7,0
185073,"2019-12-31 04:43:10.000","Living Room",77,23,0
185074,"2019-12-31 04:45:07.000",Garage,23,70.8,0
185075,"2019-12-31 04:45:11.000",Bedroom,70.88,29.8,30.06
185076,"2019-12-31 04:45:34.000",Office,51.8,23.6,0
185077,"2019-12-31 04:46:16.000",Kitchen,73.58,27.8,0
185078,"2019-12-31 04:48:10.000","Living Room",77,23,0
185079,"2019-12-31 04:50:07.000",Garage,22.82,71,0
185080,"2019-12-31 04:50:11.000",Bedroom,70.88,29.9,30.06
185081,"2019-12-31 04:50:35.000",Office,51.8,23.6,0
185082,"2019-12-31 04:51:17.000",Kitchen,73.4,27.7,0
185083,"2019-12-31 04:53:11.000","Living Room",77,23,0
185084,"2019-12-31 04:55:08.000",Garage,22.82,71.1,0
185085,"2019-12-31 04:55:13.000",Bedroom,70.7,30.2,30.06
185086,"2019-12-31 04:55:35.000",Office,51.62,23.6,0
185087,"2019-12-31 04:56:17.000",Kitchen,73.4,27.7,0
185088,"2019-12-31 04:58:11.000","Living Room",77,23,0
185089,"2019-12-31 05:00:11.000",Bedroom,70.52,30.2,30.06
185090,"2019-12-31 05:01:18.000",Kitchen,73.22,27.7,0
185091,"2019-12-31 05:03:12.000","Living Room",77,23,0
185092,"2019-12-31 05:05:16.000",Garage,22.64,71.1,0
185093,"2019-12-31 05:05:18.000",Bedroom,70.52,30,30.06
185094,"2019-12-31 05:05:43.000",Office,51.62,23.6,0
185095,"2019-12-31 05:08:12.000","Living Room",77,23,0
185096,"2019-12-31 05:10:11.000",Bedroom,70.52,30,30.06
185097,"2019-12-31 05:10:17.000",Garage,22.64,71.1,0
185098,"2019-12-31 05:10:44.000",Office,51.44,23.5,0
185099,"2019-12-31 05:11:26.000",Kitchen,73.04,27.7,0
185100,"2019-12-31 05:13:12.000","Living Room",77,23,0
185101,"2019-12-31 05:15:11.000",Bedroom,70.34,30,30.06
185102,"2019-12-31 05:15:17.000",Garage,22.64,71.1,0
185103,"2019-12-31 05:15:45.000",Office,51.44,23.5,0
185104,"2019-12-31 05:16:27.000",Kitchen,73.04,27.8,0
185105,"2019-12-31 05:18:13.000","Living Room",77,23,0
185106,"2019-12-31 05:20:10.000",Bedroom,70.52,30,30.06
185107,"2019-12-31 05:20:18.000",Garage,22.64,71.1,0
185108,"2019-12-31 05:20:45.000",Office,51.44,23.6,0
185109,"2019-12-31 05:21:27.000",Kitchen,72.86,27.8,0
185110,"2019-12-31 05:23:13.000","Living Room",77,23,0
185111,"2019-12-31 05:25:10.000",Bedroom,70.52,30.1,30.06
185112,"2019-12-31 05:25:18.000",Garage,22.64,71,0
185113,"2019-12-31 05:25:45.000",Office,51.26,23.5,0
185114,"2019-12-31 05:26:28.000",Kitchen,73.04,27.7,0
185115,"2019-12-31 05:28:14.000","Living Room",77,23,0
185116,"2019-12-31 05:30:11.000",Bedroom,70.34,29.9,30.06
185117,"2019-12-31 05:30:19.000",Garage,22.64,71,0
185118,"2019-12-31 05:30:46.000",Office,51.26,23.4,0
185119,"2019-12-31 05:31:29.000",Kitchen,73.04,27.6,0
185120,"2019-12-31 05:33:15.000","Living Room",77,23,0
185121,"2019-12-31 05:35:11.000",Bedroom,70.34,29.8,30.07
185122,"2019-12-31 05:35:19.000",Garage,22.46,70.9,0
185123,"2019-12-31 05:35:47.000",Office,51.08,23.6,0
185124,"2019-12-31 05:36:29.000",Kitchen,73.22,27.6,0
185125,"2019-12-31 05:38:15.000","Living Room",77,23,0
185126,"2019-12-31 05:40:11.000",Bedroom,70.34,30,30.07
185127,"2019-12-31 05:40:20.000",Garage,22.46,71,0
185128,"2019-12-31 05:40:47.000",Office,51.08,23.4,0
185129,"2019-12-31 05:41:30.000",Kitchen,73.4,27.6,0
185130,"2019-12-31 05:43:16.000","Living Room",77,23,0
185131,"2019-12-31 05:45:13.000",Bedroom,70.7,29.6,30.07
185132,"2019-12-31 05:45:20.000",Garage,22.46,70.9,0
185133,"2019-12-31 05:45:48.000",Office,51.08,23.4,0
185134,"2019-12-31 05:46:31.000",Kitchen,73.4,27.6,0
185135,"2019-12-31 05:48:16.000","Living Room",77,23,0
185136,"2019-12-31 05:50:11.000",Bedroom,70.52,29.5,30.07
185137,"2019-12-31 05:50:21.000",Garage,22.46,71,0
185138,"2019-12-31 05:50:48.000",Office,51.08,23.4,0
185139,"2019-12-31 05:51:31.000",Kitchen,73.4,27.6,0
185140,"2019-12-31 05:53:17.000","Living Room",77,23,0
185141,"2019-12-31 05:55:10.000",Bedroom,70.7,29.5,30.07
185142,"2019-12-31 05:55:22.000",Garage,22.28,70.9,0
185143,"2019-12-31 05:55:49.000",Office,51.08,23.4,0
185144,"2019-12-31 05:56:32.000",Kitchen,73.4,27.5,0
185145,"2019-12-31 05:58:17.000","Living Room",77,23,0
185146,"2019-12-31 06:00:11.000",Bedroom,70.7,29.5,30.07
185147,"2019-12-31 06:00:22.000",Garage,22.46,71,0
185148,"2019-12-31 06:00:49.000",Office,50.9,23.4,0
185149,"2019-12-31 06:01:33.000",Kitchen,73.58,27.5,0
185150,"2019-12-31 06:03:17.000","Living Room",77,23,0
185151,"2019-12-31 06:05:11.000",Bedroom,70.88,29.4,30.07
185152,"2019-12-31 06:05:23.000",Garage,22.82,70.5,0
185153,"2019-12-31 06:05:50.000",Office,51.08,23.4,0
185154,"2019-12-31 06:06:33.000",Kitchen,73.58,27.5,0
185155,"2019-12-31 06:08:18.000","Living Room",77,23,0
185156,"2019-12-31 06:10:10.000",Bedroom,70.88,29.3,30.08
185157,"2019-12-31 06:10:23.000",Garage,22.82,70.3,0
185158,"2019-12-31 06:10:50.000",Office,50.9,23.4,0
185159,"2019-12-31 06:11:34.000",Kitchen,73.58,27.4,0
185160,"2019-12-31 06:15:10.000",Bedroom,70.88,29.3,30.07
185161,"2019-12-31 06:15:24.000",Garage,22.64,70.3,0
185162,"2019-12-31 06:15:51.000",Office,50.9,23.4,0
185163,"2019-12-31 06:16:34.000",Kitchen,73.76,27.4,0
185164,"2019-12-31 06:18:27.000","Living Room",77,23,0
185165,"2019-12-31 06:20:11.000",Bedroom,70.88,29.3,30.07
185166,"2019-12-31 06:20:25.000",Garage,22.46,70.8,0
185167,"2019-12-31 06:20:51.000",Office,50.9,23.4,0
185168,"2019-12-31 06:21:35.000",Kitchen,73.58,27.4,0
185169,"2019-12-31 06:23:28.000","Living Room",77,23,0
185170,"2019-12-31 06:25:16.000",Bedroom,70.88,29.2,30.07
185171,"2019-12-31 06:25:25.000",Garage,22.28,71,0
185172,"2019-12-31 06:25:52.000",Office,50.72,23.3,0
185173,"2019-12-31 06:26:35.000",Kitchen,73.76,27.3,0
185174,"2019-12-31 06:28:28.000","Living Room",77,22,0
185175,"2019-12-31 06:30:10.000",Bedroom,70.88,29.2,30.07
185176,"2019-12-31 06:30:26.000",Garage,22.28,70.9,0
185177,"2019-12-31 06:30:52.000",Office,50.72,23.3,0
185178,"2019-12-31 06:31:36.000",Kitchen,73.76,27.3,0
185179,"2019-12-31 06:33:29.000","Living Room",77,23,0
185180,"2019-12-31 06:35:10.000",Bedroom,71.06,29.2,30.07
185181,"2019-12-31 06:35:26.000",Garage,22.46,70.8,0
185182,"2019-12-31 06:36:36.000",Kitchen,73.58,27.3,0
185183,"2019-12-31 06:38:30.000","Living Room",77,22,0
185184,"2019-12-31 06:40:11.000",Bedroom,70.88,29.1,30.07
185185,"2019-12-31 06:40:27.000",Garage,22.28,70.8,0
185186,"2019-12-31 06:41:01.000",Office,50.72,23.6,0
185187,"2019-12-31 06:43:31.000","Living Room",77,22,0
185188,"2019-12-31 06:45:11.000",Bedroom,70.88,29.1,30.07
185189,"2019-12-31 06:45:27.000",Garage,22.46,70.7,0
185190,"2019-12-31 06:46:01.000",Office,50.72,23.3,0
185191,"2019-12-31 06:46:45.000",Kitchen,73.58,27.2,0
185192,"2019-12-31 06:48:31.000","Living Room",77,22,0
185193,"2019-12-31 06:50:10.000",Bedroom,70.88,29,30.07
185194,"2019-12-31 06:50:28.000",Garage,22.28,70.6,0
185195,"2019-12-31 06:51:02.000",Office,50.54,23.2,0
185196,"2019-12-31 06:51:45.000",Kitchen,73.58,27.1,0
185197,"2019-12-31 06:53:32.000","Living Room",77,22,0
185198,"2019-12-31 06:55:10.000",Bedroom,70.88,29,30.07
185199,"2019-12-31 06:55:28.000",Garage,22.28,70.7,0
185200,"2019-12-31 06:56:02.000",Office,50.54,23.3,0
185201,"2019-12-31 06:56:46.000",Kitchen,73.76,27.2,0
185202,"2019-12-31 06:58:32.000","Living Room",77,22,0
185203,"2019-12-31 07:00:11.000",Bedroom,70.7,29,30.07
185204,"2019-12-31 07:00:29.000",Garage,22.28,70.8,0
185205,"2019-12-31 07:01:03.000",Office,50.54,23.3,0
185206,"2019-12-31 07:01:46.000",Kitchen,73.4,27.1,0
185207,"2019-12-31 07:03:33.000","Living Room",77,22,0
185208,"2019-12-31 07:05:11.000",Bedroom,70.7,29,30.07
185209,"2019-12-31 07:05:30.000",Garage,22.46,70.8,0
185210,"2019-12-31 07:06:03.000",Office,50.54,23.2,0
185211,"2019-12-31 07:06:46.000",Kitchen,73.4,27.1,0
185212,"2019-12-31 07:08:33.000","Living Room",77,22,0
185213,"2019-12-31 07:10:10.000",Bedroom,70.7,29.6,30.07
185214,"2019-12-31 07:10:30.000",Garage,22.28,70.7,0
185215,"2019-12-31 07:11:04.000",Office,50.54,23.2,0
185216,"2019-12-31 07:11:47.000",Kitchen,73.04,27,0
185217,"2019-12-31 07:13:34.000","Living Room",77,22,0
185218,"2019-12-31 07:15:10.000",Bedroom,70.52,29.8,30.07
185219,"2019-12-31 07:15:31.000",Garage,22.28,70.7,0
185220,"2019-12-31 07:16:04.000",Office,50.36,23.2,0
185221,"2019-12-31 07:16:48.000",Kitchen,73.04,27.1,0
185222,"2019-12-31 07:18:34.000","Living Room",77,22,0
185223,"2019-12-31 07:20:11.000",Bedroom,70.7,29.5,30.07
185224,"2019-12-31 07:20:31.000",Garage,22.28,71,0
185225,"2019-12-31 07:21:05.000",Office,50.36,23.2,0
185226,"2019-12-31 07:21:48.000",Kitchen,72.86,27.2,0
185227,"2019-12-31 07:23:35.000","Living Room",77,22,0
185228,"2019-12-31 07:25:11.000",Bedroom,70.7,29.2,30.07
185229,"2019-12-31 07:25:32.000",Garage,21.56,71.5,0
185230,"2019-12-31 07:26:05.000",Office,50.54,23.5,0
185231,"2019-12-31 07:26:49.000",Kitchen,72.86,27.2,0
185232,"2019-12-31 07:28:35.000","Living Room",77,22,0
185233,"2019-12-31 07:30:10.000",Bedroom,70.88,28.8,30.07
185234,"2019-12-31 07:30:32.000",Garage,22.1,71.6,0
185235,"2019-12-31 07:31:06.000",Office,51.08,26.3,0
185236,"2019-12-31 07:33:36.000","Living Room",77,22,0
185237,"2019-12-31 07:35:10.000",Bedroom,71.06,28.6,30.06
185238,"2019-12-31 07:35:33.000",Garage,22.1,71.3,0
185239,"2019-12-31 07:36:06.000",Office,52.34,27.9,0
185240,"2019-12-31 07:36:57.000",Kitchen,72.68,27,0
185241,"2019-12-31 07:38:36.000","Living Room",77,22,0
185242,"2019-12-31 07:40:16.000",Bedroom,70.7,28.2,30.06
185243,"2019-12-31 07:40:33.000",Garage,22.28,71,0
185244,"2019-12-31 07:41:07.000",Office,53.78,29,0
185245,"2019-12-31 07:41:58.000",Kitchen,72.68,27,0
185246,"2019-12-31 07:43:37.000","Living Room",77,22,0
185247,"2019-12-31 07:45:10.000",Bedroom,70.88,28.2,30.06
185248,"2019-12-31 07:45:34.000",Garage,22.64,70.6,0
185249,"2019-12-31 07:46:07.000",Office,54.86,29.8,0
185250,"2019-12-31 07:46:58.000",Kitchen,72.86,27,0
185251,"2019-12-31 07:50:10.000",Bedroom,71.06,28.1,30.06
185252,"2019-12-31 07:50:34.000",Garage,22.46,70.6,0
185253,"2019-12-31 07:51:08.000",Office,55.94,30.5,0
185254,"2019-12-31 07:51:59.000",Kitchen,72.5,26.8,0
185255,"2019-12-31 07:53:45.000","Living Room",77,22,0
185256,"2019-12-31 07:55:13.000",Bedroom,70.88,27.5,30.06
185257,"2019-12-31 07:55:35.000",Garage,22.46,70.8,0
185258,"2019-12-31 07:56:08.000",Office,56.84,30.7,0
185259,"2019-12-31 07:56:59.000",Kitchen,72.68,26.7,0
185260,"2019-12-31 07:58:46.000","Living Room",75.2,22,0
185261,"2019-12-31 08:00:11.000",Bedroom,70.88,27.5,30.06
185262,"2019-12-31 08:00:35.000",Garage,22.46,70.9,0
185263,"2019-12-31 08:01:09.000",Office,57.56,31.4,0
185264,"2019-12-31 08:01:59.000",Kitchen,72.86,26.6,0
185265,"2019-12-31 08:03:46.000","Living Room",77,22,0
185266,"2019-12-31 08:05:11.000",Bedroom,71.24,27.5,30.06
185267,"2019-12-31 08:05:36.000",Garage,22.46,70.9,0
185268,"2019-12-31 08:06:09.000",Office,58.64,32.3,0
185269,"2019-12-31 08:07:00.000",Kitchen,72.86,26.5,0
185270,"2019-12-31 08:08:47.000","Living Room",75.2,22,0
185271,"2019-12-31 08:10:10.000",Bedroom,71.24,27.5,30.06
185272,"2019-12-31 08:12:00.000",Kitchen,72.68,26.6,0
185273,"2019-12-31 08:13:47.000","Living Room",75.2,22,0
185274,"2019-12-31 08:15:13.000",Bedroom,71.24,27.5,30.06
185275,"2019-12-31 08:15:44.000",Garage,22.82,71.1,0
185276,"2019-12-31 08:16:18.000",Office,59.9,32.1,0
185277,"2019-12-31 08:17:01.000",Kitchen,72.68,26.6,0
185278,"2019-12-31 08:18:48.000","Living Room",75.2,22,0
185279,"2019-12-31 08:20:11.000",Bedroom,71.24,27.5,30.06
185280,"2019-12-31 08:20:44.000",Garage,23,71.1,0
185281,"2019-12-31 08:21:18.000",Office,60.44,31.8,0
185282,"2019-12-31 08:22:02.000",Kitchen,72.68,26.7,0
185283,"2019-12-31 08:23:48.000","Living Room",75.2,22,0
185284,"2019-12-31 08:25:14.000",Bedroom,71.06,27.5,30.07
185285,"2019-12-31 08:25:45.000",Garage,23,71.1,0
185286,"2019-12-31 08:26:19.000",Office,60.8,31.8,0
185287,"2019-12-31 08:27:02.000",Kitchen,72.5,26.9,0
185288,"2019-12-31 08:28:49.000","Living Room",75.2,22,0
185289,"2019-12-31 08:30:11.000",Bedroom,71.06,27.5,30.07
185290,"2019-12-31 08:30:46.000",Garage,23.36,71.3,0
185291,"2019-12-31 08:31:19.000",Office,61.34,32.2,0
185292,"2019-12-31 08:32:03.000",Kitchen,72.5,26.9,0
185293,"2019-12-31 08:33:49.000","Living Room",75.2,22,0
185294,"2019-12-31 08:35:11.000",Bedroom,71.06,27.5,30.06
185295,"2019-12-31 08:35:46.000",Garage,23.54,71.3,0
185296,"2019-12-31 08:36:20.000",Office,61.88,32.3,0
185297,"2019-12-31 08:37:04.000",Kitchen,72.5,27,0
185298,"2019-12-31 08:38:50.000","Living Room",75.2,22,0
185299,"2019-12-31 08:40:10.000",Bedroom,71.06,27.5,30.07
185300,"2019-12-31 08:40:47.000",Garage,23.54,71.2,0
185301,"2019-12-31 08:41:20.000",Office,62.6,31.8,0
185302,"2019-12-31 08:42:04.000",Kitchen,72.5,26.9,0
185303,"2019-12-31 08:43:50.000","Living Room",75.2,22,0
185304,"2019-12-31 08:45:48.000",Garage,23.9,71.2,0
185305,"2019-12-31 08:46:21.000",Office,63.14,31.8,0
185306,"2019-12-31 08:47:05.000",Kitchen,72.5,26.9,0
185307,"2019-12-31 08:48:50.000","Living Room",77,22,0
185308,"2019-12-31 08:50:48.000",Garage,24.08,71.3,0
185309,"2019-12-31 08:51:22.000",Office,63.68,31.2,0
185310,"2019-12-31 08:52:05.000",Kitchen,72.5,26.9,0
185311,"2019-12-31 08:53:51.000","Living Room",75.2,22,0
185312,"2019-12-31 08:55:48.000",Garage,24.26,71.3,0
185313,"2019-12-31 08:56:22.000",Office,63.86,30.1,0
185314,"2019-12-31 08:57:06.000",Kitchen,72.5,27,0
185315,"2019-12-31 08:58:52.000","Living Room",75.2,22,0
185316,"2019-12-31 09:00:13.000",Bedroom,70.88,27.5,30.07
185317,"2019-12-31 09:00:49.000",Garage,24.44,71.4,0
185318,"2019-12-31 09:01:23.000",Office,64.4,32.5,0
185319,"2019-12-31 09:02:06.000",Kitchen,72.5,27,0
185320,"2019-12-31 09:03:52.000","Living Room",75.2,22,0
185321,"2019-12-31 09:05:11.000",Bedroom,71.06,27.6,30.07
185322,"2019-12-31 09:05:49.000",Garage,24.8,71.4,0
185323,"2019-12-31 09:06:23.000",Office,64.76,32.3,0
185324,"2019-12-31 09:08:53.000","Living Room",75.2,22,0
185325,"2019-12-31 09:10:12.000",Bedroom,71.24,27.7,30.07
185326,"2019-12-31 09:10:52.000",Garage,24.98,71.4,0
185327,"2019-12-31 09:11:24.000",Office,65.48,32.6,0
185328,"2019-12-31 09:12:15.000",Kitchen,72.68,27.1,0
185329,"2019-12-31 09:13:53.000","Living Room",75.2,22,0
185330,"2019-12-31 09:15:11.000",Bedroom,71.06,27.6,30.07
185331,"2019-12-31 09:15:52.000",Garage,25.16,71.8,0
185332,"2019-12-31 09:16:24.000",Office,65.84,31.5,0
185333,"2019-12-31 09:17:15.000",Kitchen,72.68,27,0
185334,"2019-12-31 09:18:54.000","Living Room",77,22,0
185335,"2019-12-31 09:20:10.000",Bedroom,71.06,27.6,30.07
185336,"2019-12-31 09:20:52.000",Garage,25.7,71.8,0
185337,"2019-12-31 09:22:17.000",Kitchen,72.68,27.2,0
185338,"2019-12-31 09:25:11.000",Bedroom,71.24,28.1,30.07
185339,"2019-12-31 09:25:53.000",Garage,26.06,71.6,0
185340,"2019-12-31 09:26:25.000",Office,66.56,33.2,0
185341,"2019-12-31 09:27:18.000",Kitchen,72.68,27.1,0
185342,"2019-12-31 09:29:02.000","Living Room",77,22,0
185343,"2019-12-31 09:30:19.000",Bedroom,71.24,27.6,30.07
185344,"2019-12-31 09:30:56.000",Garage,26.24,71.5,0
185345,"2019-12-31 09:31:26.000",Office,67.28,32.9,0
185346,"2019-12-31 09:32:18.000",Kitchen,72.68,27.1,0
185347,"2019-12-31 09:34:03.000","Living Room",77,22,0
185348,"2019-12-31 09:35:11.000",Bedroom,71.24,27.6,30.07
185349,"2019-12-31 09:35:56.000",Garage,26.6,71.6,0
185350,"2019-12-31 09:36:26.000",Office,68,33.9,0
185351,"2019-12-31 09:37:19.000",Kitchen,72.68,27.1,0
185352,"2019-12-31 09:39:04.000","Living Room",77,22,0
185353,"2019-12-31 09:40:16.000",Bedroom,71.24,27.6,30.07
185354,"2019-12-31 09:40:57.000",Garage,26.78,71.5,0
185355,"2019-12-31 09:41:26.000",Office,68.18,33.9,0
185356,"2019-12-31 09:42:19.000",Kitchen,72.68,27.1,0
185357,"2019-12-31 09:44:04.000","Living Room",77,22,0
185358,"2019-12-31 09:45:14.000",Bedroom,71.24,27.6,30.07
185359,"2019-12-31 09:45:57.000",Garage,26.96,71.9,0
185360,"2019-12-31 09:46:27.000",Office,68.36,31.5,0
185361,"2019-12-31 09:47:20.000",Kitchen,72.68,27.1,0
185362,"2019-12-31 09:49:05.000","Living Room",77,22,0
185363,"2019-12-31 09:50:11.000",Bedroom,71.24,27.6,30.07
185364,"2019-12-31 09:50:58.000",Garage,28.4,72.7,0
185365,"2019-12-31 09:51:28.000",Office,68.54,31.7,0
185366,"2019-12-31 09:52:21.000",Kitchen,72.5,27.2,0
185367,"2019-12-31 09:54:05.000","Living Room",77,22,0
185368,"2019-12-31 09:55:10.000",Bedroom,71.24,27.7,30.07
185369,"2019-12-31 09:55:58.000",Garage,27.68,72.4,0
185370,"2019-12-31 09:56:28.000",Office,68.36,31.2,0
185371,"2019-12-31 09:57:21.000",Kitchen,72.5,27.1,0
185372,"2019-12-31 09:59:05.000","Living Room",77,22,0
185373,"2019-12-31 10:00:11.000",Bedroom,71.24,27.7,30.07
185374,"2019-12-31 10:00:59.000",Garage,27.86,72.4,0
185375,"2019-12-31 10:01:29.000",Office,68.36,32.2,0
185376,"2019-12-31 10:02:22.000",Kitchen,72.5,27.1,0
185377,"2019-12-31 10:04:06.000","Living Room",77,22,0
185378,"2019-12-31 10:05:10.000",Bedroom,71.24,27.7,30.07
185379,"2019-12-31 10:06:00.000",Garage,28.22,72.3,0
185380,"2019-12-31 10:06:30.000",Office,68.36,32.1,0
185381,"2019-12-31 10:07:22.000",Kitchen,72.5,27.2,0
185382,"2019-12-31 10:09:06.000","Living Room",77,22,0
185383,"2019-12-31 10:10:13.000",Bedroom,71.06,27.7,30.07
185384,"2019-12-31 10:11:00.000",Garage,28.58,72,0
185385,"2019-12-31 10:11:30.000",Office,69.08,33.1,0
185386,"2019-12-31 10:12:23.000",Kitchen,72.32,27.2,0
185387,"2019-12-31 10:14:07.000","Living Room",77,22,0
185388,"2019-12-31 10:15:11.000",Bedroom,70.88,27.6,30.07
185389,"2019-12-31 10:16:01.000",Garage,28.76,72,0
185390,"2019-12-31 10:16:31.000",Office,69.62,31.9,0
185391,"2019-12-31 10:17:24.000",Kitchen,72.14,27.3,0
185392,"2019-12-31 10:19:07.000","Living Room",77,22,0
185393,"2019-12-31 10:20:11.000",Bedroom,70.88,27.6,30.07
185394,"2019-12-31 10:21:02.000",Garage,29.12,72.9,0
185395,"2019-12-31 10:21:32.000",Office,69.98,33.4,0
185396,"2019-12-31 10:22:24.000",Kitchen,72.14,27.3,0
185397,"2019-12-31 10:24:08.000","Living Room",77,22,0
185398,"2019-12-31 10:25:11.000",Bedroom,70.88,27.7,30.06
185399,"2019-12-31 10:26:02.000",Garage,29.48,73,0
185400,"2019-12-31 10:26:32.000",Office,70.7,32.1,0
185401,"2019-12-31 10:27:25.000",Kitchen,72.14,27.4,0
185402,"2019-12-31 10:29:08.000","Living Room",75.2,22,0
185403,"2019-12-31 10:30:14.000",Bedroom,70.88,27.7,30.06
185404,"2019-12-31 10:31:03.000",Garage,29.84,72.6,0
185405,"2019-12-31 10:32:25.000",Kitchen,72.14,27.4,0
185406,"2019-12-31 10:34:09.000","Living Room",75.2,22,0
185407,"2019-12-31 10:35:11.000",Bedroom,70.88,27.7,30.06
185408,"2019-12-31 10:36:04.000",Garage,30.38,72.6,0
185409,"2019-12-31 10:37:18.000",Office,69.98,32.3,0
185410,"2019-12-31 10:37:26.000",Kitchen,72.14,27.3,0
185411,"2019-12-31 10:39:09.000","Living Room",75.2,22,0
185412,"2019-12-31 10:40:13.000",Bedroom,70.7,27.7,30.05
185413,"2019-12-31 10:41:04.000",Garage,31.28,72.7,0
185414,"2019-12-31 10:42:18.000",Office,70.88,31.5,0
185415,"2019-12-31 10:42:26.000",Kitchen,71.96,27.4,0
185416,"2019-12-31 10:44:10.000","Living Room",75.2,22,0
185417,"2019-12-31 10:45:11.000",Bedroom,70.7,27.7,30.05
185418,"2019-12-31 10:46:05.000",Garage,31.28,72,0
185419,"2019-12-31 10:47:19.000",Office,71.96,32.1,0
185420,"2019-12-31 10:47:27.000",Kitchen,71.78,27.3,0
185421,"2019-12-31 10:49:10.000","Living Room",75.2,22,0
185422,"2019-12-31 10:50:11.000",Bedroom,70.7,27.7,30.05
185423,"2019-12-31 10:51:07.000",Garage,31.82,71.6,0
185424,"2019-12-31 10:52:19.000",Office,71.96,31.9,0
185425,"2019-12-31 10:52:27.000",Kitchen,71.78,27.4,0
185426,"2019-12-31 10:54:11.000","Living Room",75.2,22,0
185427,"2019-12-31 10:55:11.000",Bedroom,70.7,27.7,30.04
185428,"2019-12-31 10:56:08.000",Garage,32.18,71.7,0
185429,"2019-12-31 10:57:20.000",Office,71.78,32.2,0
185430,"2019-12-31 10:57:28.000",Kitchen,71.78,27.5,0
185431,"2019-12-31 11:00:11.000",Bedroom,70.7,27.8,30.04
185432,"2019-12-31 11:01:08.000",Garage,32.18,72,0
185433,"2019-12-31 11:02:29.000",Kitchen,71.78,27.5,0
185434,"2019-12-31 11:04:19.000","Living Room",75.2,22,0
185435,"2019-12-31 11:05:10.000",Bedroom,70.7,27.9,30.03
185436,"2019-12-31 11:06:09.000",Garage,32.36,72.3,0
185437,"2019-12-31 11:07:21.000",Office,71.42,31.3,0
185438,"2019-12-31 11:07:29.000",Kitchen,71.78,27.6,0
185439,"2019-12-31 11:09:20.000","Living Room",75.2,22,0
185440,"2019-12-31 11:10:11.000",Bedroom,70.7,27.9,30.02
185441,"2019-12-31 11:11:09.000",Garage,32.54,72.2,0
185442,"2019-12-31 11:12:22.000",Office,71.24,31.6,0
185443,"2019-12-31 11:12:30.000",Kitchen,71.78,27.7,0
185444,"2019-12-31 11:14:21.000","Living Room",75.2,23,0
185445,"2019-12-31 11:15:11.000",Bedroom,70.7,27.9,30.02
185446,"2019-12-31 11:16:10.000",Garage,32.72,71.8,0
185447,"2019-12-31 11:17:22.000",Office,71.24,33.5,0
185448,"2019-12-31 11:17:30.000",Kitchen,71.78,27.8,0
185449,"2019-12-31 11:19:21.000","Living Room",75.2,23,0
185450,"2019-12-31 11:22:22.000",Office,71.24,34.3,0
185451,"2019-12-31 11:22:31.000",Kitchen,71.96,27.8,0
185452,"2019-12-31 11:24:22.000","Living Room",75.2,23,0
185453,"2019-12-31 11:25:11.000",Bedroom,70.7,27.9,30.01
185454,"2019-12-31 11:26:18.000",Garage,33.62,71.5,0
185455,"2019-12-31 11:27:23.000",Office,71.42,33.7,0
185456,"2019-12-31 11:27:31.000",Kitchen,71.78,27.8,0
185457,"2019-12-31 11:29:22.000","Living Room",75.2,23,0
185458,"2019-12-31 11:30:11.000",Bedroom,70.88,27.9,30.01
185459,"2019-12-31 11:31:19.000",Garage,33.98,71.1,0
185460,"2019-12-31 11:32:23.000",Office,71.6,33.1,0
185461,"2019-12-31 11:32:32.000",Kitchen,71.96,27.9,0
185462,"2019-12-31 11:34:23.000","Living Room",75.2,23,0
185463,"2019-12-31 11:35:10.000",Bedroom,70.7,27.9,30.01
185464,"2019-12-31 11:36:20.000",Garage,34.34,70.5,0
185465,"2019-12-31 11:37:24.000",Office,71.24,34.2,0
185466,"2019-12-31 11:37:33.000",Kitchen,71.78,27.9,0
185467,"2019-12-31 11:39:24.000","Living Room",75.2,23,0
185468,"2019-12-31 11:40:11.000",Bedroom,70.7,27.9,30.01
185469,"2019-12-31 11:41:20.000",Garage,34.7,70.7,0
185470,"2019-12-31 11:42:24.000",Office,71.24,33.1,0
185471,"2019-12-31 11:42:33.000",Kitchen,71.78,28,0
185472,"2019-12-31 11:44:24.000","Living Room",75.2,23,0
185473,"2019-12-31 11:45:11.000",Bedroom,70.7,28,30
185474,"2019-12-31 11:46:20.000",Garage,34.88,71.2,0
185475,"2019-12-31 11:47:25.000",Office,71.24,31.3,0
185476,"2019-12-31 11:47:34.000",Kitchen,71.78,28,0
185477,"2019-12-31 11:49:25.000","Living Room",75.2,23,0
185478,"2019-12-31 11:50:10.000",Bedroom,70.7,28,30
185479,"2019-12-31 11:51:21.000",Garage,35.42,71.5,0
185480,"2019-12-31 11:52:25.000",Office,71.78,31.3,0
185481,"2019-12-31 11:52:34.000",Kitchen,71.96,28,0
185482,"2019-12-31 11:54:25.000","Living Room",75.2,23,0
185483,"2019-12-31 11:55:18.000",Bedroom,70.7,28,29.99
185484,"2019-12-31 11:56:21.000",Garage,35.6,70.9,0
185485,"2019-12-31 11:57:26.000",Office,71.78,30.2,0
185486,"2019-12-31 11:57:35.000",Kitchen,71.96,28,0
185487,"2019-12-31 11:59:25.000","Living Room",75.2,23,0
185488,"2019-12-31 12:00:10.000",Bedroom,70.7,28,29.99
185489,"2019-12-31 12:01:22.000",Garage,36.14,70.8,0
185490,"2019-12-31 12:02:26.000",Office,71.96,32.2,0
185491,"2019-12-31 12:02:35.000",Kitchen,71.96,28,0
185492,"2019-12-31 12:04:26.000","Living Room",75.2,23,0
185493,"2019-12-31 12:05:11.000",Bedroom,70.88,28.1,29.98
185494,"2019-12-31 12:06:22.000",Garage,36.68,70.5,0
185495,"2019-12-31 12:07:27.000",Office,72.14,31.7,0
185496,"2019-12-31 12:07:36.000",Kitchen,72.14,28.1,0
185497,"2019-12-31 12:09:27.000","Living Room",75.2,23,0
185498,"2019-12-31 12:10:11.000",Bedroom,70.88,28.1,29.98
185499,"2019-12-31 12:11:23.000",Garage,36.86,70,0
185500,"2019-12-31 12:12:27.000",Office,72.14,31.6,0
185501,"2019-12-31 12:12:36.000",Kitchen,72.32,28.1,0
185502,"2019-12-31 12:14:27.000","Living Room",75.2,24,0
185503,"2019-12-31 12:15:10.000",Bedroom,70.88,28.1,29.98
185504,"2019-12-31 12:16:23.000",Garage,37.04,69.8,0
185505,"2019-12-31 12:17:28.000",Office,72.32,32.2,0
185506,"2019-12-31 12:19:28.000","Living Room",75.2,24,0
185507,"2019-12-31 12:20:11.000",Bedroom,71.06,28.2,29.98
185508,"2019-12-31 12:21:24.000",Garage,37.22,70.1,0
185509,"2019-12-31 12:22:28.000",Office,72.68,33,0
185510,"2019-12-31 12:22:45.000",Kitchen,72.32,28.2,0
185511,"2019-12-31 12:24:28.000","Living Room",75.2,24,0
185512,"2019-12-31 12:25:10.000",Bedroom,71.06,28.2,29.97
185513,"2019-12-31 12:26:24.000",Garage,37.58,70.3,0
185514,"2019-12-31 12:27:29.000",Office,72.86,30.9,0
185515,"2019-12-31 12:27:45.000",Kitchen,72.32,28.3,0
185516,"2019-12-31 12:29:29.000","Living Room",75.2,24,0
185517,"2019-12-31 12:30:10.000",Bedroom,71.06,28.3,29.97
185518,"2019-12-31 12:31:25.000",Garage,38.12,70.8,0
185519,"2019-12-31 12:32:30.000",Office,72.86,32.1,0
185520,"2019-12-31 12:32:46.000",Kitchen,72.32,28.3,0
185521,"2019-12-31 12:35:11.000",Bedroom,71.06,28.3,29.96
185522,"2019-12-31 12:36:25.000",Garage,38.84,70,0
185523,"2019-12-31 12:37:31.000",Office,73.76,34.1,0
185524,"2019-12-31 12:37:46.000",Kitchen,72.32,28.3,0
185525,"2019-12-31 12:39:37.000","Living Room",75.2,24,0
185526,"2019-12-31 12:40:11.000",Bedroom,71.06,28.3,29.96
185527,"2019-12-31 12:41:26.000",Garage,39.2,69.5,0
185528,"2019-12-31 12:42:32.000",Office,73.76,31.8,0
185529,"2019-12-31 12:42:47.000",Kitchen,72.14,28.4,0
185530,"2019-12-31 12:44:38.000","Living Room",75.2,24,0
185531,"2019-12-31 12:45:13.000",Bedroom,71.06,28.3,29.96
185532,"2019-12-31 12:46:27.000",Garage,39.92,69.1,0
185533,"2019-12-31 12:47:32.000",Office,73.76,30,0
185534,"2019-12-31 12:47:48.000",Kitchen,72.32,28.6,0
185535,"2019-12-31 12:49:39.000","Living Room",77,24,0
185536,"2019-12-31 12:50:10.000",Bedroom,71.24,28.3,29.95
185537,"2019-12-31 12:51:27.000",Garage,40.64,68.6,0
185538,"2019-12-31 12:52:33.000",Office,73.94,30.1,0
185539,"2019-12-31 12:52:48.000",Kitchen,72.14,28.5,0
185540,"2019-12-31 12:54:39.000","Living Room",75.2,24,0
185541,"2019-12-31 12:55:10.000",Bedroom,71.24,28.3,29.95
185542,"2019-12-31 12:56:28.000",Garage,41.36,67.9,0
185543,"2019-12-31 12:57:34.000",Office,74.3,30.5,0
185544,"2019-12-31 12:57:49.000",Kitchen,72.32,28.5,0
185545,"2019-12-31 12:59:40.000","Living Room",75.2,24,0
185546,"2019-12-31 13:00:16.000",Bedroom,71.24,28.3,29.95
185547,"2019-12-31 13:01:29.000",Garage,41.54,68.5,0
185548,"2019-12-31 13:02:34.000",Office,74.3,31.1,0
185549,"2019-12-31 13:02:49.000",Kitchen,72.32,28.5,0
185550,"2019-12-31 13:04:40.000","Living Room",75.2,24,0
185551,"2019-12-31 13:05:11.000",Bedroom,71.24,28.3,29.94
185552,"2019-12-31 13:06:30.000",Garage,41.9,68.6,0
185553,"2019-12-31 13:07:34.000",Office,74.48,29.6,0
185554,"2019-12-31 13:07:50.000",Kitchen,72.32,28.5,0
185555,"2019-12-31 13:09:41.000","Living Room",77,24,0
185556,"2019-12-31 13:10:11.000",Bedroom,71.24,28.3,29.94
185557,"2019-12-31 13:11:30.000",Garage,42.26,67.7,0
185558,"2019-12-31 13:12:35.000",Office,74.48,29.2,0
185559,"2019-12-31 13:12:50.000",Kitchen,72.32,28.4,0
185560,"2019-12-31 13:14:41.000","Living Room",75.2,24,0
185561,"2019-12-31 13:15:18.000",Bedroom,71.24,28.3,29.94
185562,"2019-12-31 13:16:31.000",Garage,42.8,67.8,0
185563,"2019-12-31 13:17:35.000",Office,74.48,29.4,0
185564,"2019-12-31 13:17:51.000",Kitchen,72.32,28.4,0
185565,"2019-12-31 13:19:42.000","Living Room",75.2,24,0
185566,"2019-12-31 13:20:11.000",Bedroom,71.24,28.3,29.93
185567,"2019-12-31 13:21:32.000",Garage,43.16,67.5,0
185568,"2019-12-31 13:22:51.000",Kitchen,72.5,28.3,0
185569,"2019-12-31 13:24:42.000","Living Room",75.2,24,0
185570,"2019-12-31 13:25:11.000",Bedroom,71.42,28.3,29.93
185571,"2019-12-31 13:26:32.000",Garage,43.52,68.4,0
185572,"2019-12-31 13:27:44.000",Office,74.48,31.5,0
185573,"2019-12-31 13:27:52.000",Kitchen,72.5,28.2,0
185574,"2019-12-31 13:29:43.000","Living Room",75.2,24,0
185575,"2019-12-31 13:30:11.000",Bedroom,71.42,28.3,29.93
185576,"2019-12-31 13:31:33.000",Garage,43.88,68.5,0
185577,"2019-12-31 13:32:44.000",Office,74.84,32,0
185578,"2019-12-31 13:32:53.000",Kitchen,72.5,28.3,0
185579,"2019-12-31 13:34:43.000","Living Room",75.2,24,0
185580,"2019-12-31 13:35:13.000",Bedroom,71.42,28.3,29.93
185581,"2019-12-31 13:36:33.000",Garage,44.24,68.3,0
185582,"2019-12-31 13:37:45.000",Office,75.38,32,0
185583,"2019-12-31 13:37:53.000",Kitchen,72.5,28.2,0
185584,"2019-12-31 13:39:44.000","Living Room",75.2,24,0
185585,"2019-12-31 13:40:10.000",Bedroom,71.42,28.3,29.93
185586,"2019-12-31 13:41:34.000",Garage,44.6,68.8,0
185587,"2019-12-31 13:42:46.000",Office,75.56,31.3,0
185588,"2019-12-31 13:42:54.000",Kitchen,72.5,28.5,0
185589,"2019-12-31 13:44:44.000","Living Room",75.2,24,0
185590,"2019-12-31 13:45:11.000",Bedroom,71.24,28.2,29.93
185591,"2019-12-31 13:46:35.000",Garage,44.78,68.7,0
185592,"2019-12-31 13:47:46.000",Office,76.1,30.5,0
185593,"2019-12-31 13:47:54.000",Kitchen,72.5,28.2,0
185594,"2019-12-31 13:49:45.000","Living Room",75.2,24,0
185595,"2019-12-31 13:50:13.000",Bedroom,71.42,28.3,29.93
185596,"2019-12-31 13:51:35.000",Garage,45.14,68.6,0
185597,"2019-12-31 13:52:55.000",Kitchen,72.5,28.3,0
185598,"2019-12-31 13:54:46.000","Living Room",75.2,24,0
185599,"2019-12-31 13:55:11.000",Bedroom,71.24,28.2,29.93
185600,"2019-12-31 13:56:36.000",Garage,45.5,68.8,0
185601,"2019-12-31 13:57:56.000",Kitchen,72.5,28.3,0
185602,"2019-12-31 13:59:47.000","Living Room",75.2,24,0
185603,"2019-12-31 14:00:10.000",Bedroom,71.42,28.3,29.93
185604,"2019-12-31 14:01:36.000",Garage,45.68,68.5,0
185605,"2019-12-31 14:02:56.000",Office,76.1,28.3,0
185606,"2019-12-31 14:02:56.000",Kitchen,72.5,28.3,0
185607,"2019-12-31 14:04:47.000","Living Room",75.2,24,0
185608,"2019-12-31 14:05:11.000",Bedroom,71.42,28.3,29.93
185609,"2019-12-31 14:06:37.000",Garage,46.22,68.2,0
185610,"2019-12-31 14:07:57.000",Kitchen,72.5,28.3,0
185611,"2019-12-31 14:07:57.000",Office,75.74,28.8,0
185612,"2019-12-31 14:10:11.000",Bedroom,71.42,28.3,29.92
185613,"2019-12-31 14:11:37.000",Garage,46.04,68.7,0
185614,"2019-12-31 14:12:58.000",Kitchen,72.5,28.4,0
185615,"2019-12-31 14:12:58.000",Office,73.58,26.2,0
185616,"2019-12-31 14:14:56.000","Living Room",75.2,24,0
185617,"2019-12-31 14:15:11.000",Bedroom,71.42,28.3,29.92
185618,"2019-12-31 14:16:38.000",Garage,46.58,67.8,0
